{"loss": -5.0, "_timestamp": 1668978222.653707, "_runtime": 4.571500062942505, "_step": 2, "gradients": {"_type": "histogram", "values": [0, 0, 0, 0, 0, 0, 0, 0, 0, 0, 0, 0, 0, 0, 0, 0, 0, 0, 0, 0, 0, 0, 0, 0, 0, 0, 0, 0, 0, 0, 0, 0, 2, 0, 0, 0, 0, 0, 0, 0, 0, 0, 0, 0, 0, 0, 0, 0, 0, 0, 0, 0, 0, 0, 0, 0, 0, 0, 0, 0, 0, 0, 0, 0], "bins": [0.5, 0.515625, 0.53125, 0.546875, 0.5625, 0.578125, 0.59375, 0.609375, 0.625, 0.640625, 0.65625, 0.671875, 0.6875, 0.703125, 0.71875, 0.734375, 0.75, 0.765625, 0.78125, 0.796875, 0.8125, 0.828125, 0.84375, 0.859375, 0.875, 0.890625, 0.90625, 0.921875, 0.9375, 0.953125, 0.96875, 0.984375, 1.0, 1.015625, 1.03125, 1.046875, 1.0625, 1.078125, 1.09375, 1.109375, 1.125, 1.140625, 1.15625, 1.171875, 1.1875, 1.203125, 1.21875, 1.234375, 1.25, 1.265625, 1.28125, 1.296875, 1.3125, 1.328125, 1.34375, 1.359375, 1.375, 1.390625, 1.40625, 1.421875, 1.4375, 1.453125, 1.46875, 1.484375, 1.5]}, "parameters": {"_type": "histogram", "values": [1, 0, 0, 0, 0, 0, 0, 0, 0, 0, 0, 0, 0, 0, 0, 0, 0, 0, 0, 0, 0, 0, 0, 0, 0, 0, 0, 0, 0, 0, 0, 0, 0, 0, 0, 0, 0, 0, 0, 0, 0, 0, 0, 0, 0, 0, 0, 0, 0, 0, 0, 0, 0, 0, 0, 0, 0, 0, 0, 0, 0, 0, 0, 1], "bins": [5.0, 5.078125, 5.15625, 5.234375, 5.3125, 5.390625, 5.46875, 5.546875, 5.625, 5.703125, 5.78125, 5.859375, 5.9375, 6.015625, 6.09375, 6.171875, 6.25, 6.328125, 6.40625, 6.484375, 6.5625, 6.640625, 6.71875, 6.796875, 6.875, 6.953125, 7.03125, 7.109375, 7.1875, 7.265625, 7.34375, 7.421875, 7.5, 7.578125, 7.65625, 7.734375, 7.8125, 7.890625, 7.96875, 8.046875, 8.125, 8.203125, 8.28125, 8.359375, 8.4375, 8.515625, 8.59375, 8.671875, 8.75, 8.828125, 8.90625, 8.984375, 9.0625, 9.140625, 9.21875, 9.296875, 9.375, 9.453125, 9.53125, 9.609375, 9.6875, 9.765625, 9.84375, 9.921875, 10.0]}, "_wandb": {"runtime": 3}}